Security_Questions,NeighborInfoNoOFC3,NeighborInfoNoOFC3,checkbox,No,NeighborInfo,Required if No=checked,informationSharing.NeighborInfo.optionsForConsideration.NeighborInfoNoOFC3,Options for consideration
Security_Plans,SecurityManager,SecurityManager,radio,Yes,,Yes/No/NA,securityPlans.SecurityManager.response,Primary question response
Security_Plans,SecurityManagerComp1,SecurityManagerComp1,checkbox,No,SecurityManager,Required if Yes=checked,securityPlans.SecurityManager.standards.SecurityManagerComp1,Standards met checkbox
Security_Plans,SecurityManagerComp2,SecurityManagerComp2,checkbox,No,SecurityManager,Required if Yes=checked,securityPlans.SecurityManager.standards.SecurityManagerComp2,Standards met checkbox
Security_Plans,SecurityManagerComp3,SecurityManagerComp3,checkbox,No,SecurityManager,Required if Yes=checked,securityPlans.SecurityManager.standards.SecurityManagerComp3,Standards met checkbox
Security_Plans,SecurityManagerNoOFC1,SecurityManagerNoOFC1,checkbox,No,SecurityManager,Required if No=checked,securityPlans.SecurityManager.optionsForConsideration.SecurityManagerNoOFC1,Options for consideration
Security_Plans,SecurityManagerNoOFC2,SecurityManagerNoOFC2,checkbox,No,SecurityManager,Required if No=checked,securityPlans.SecurityManager.optionsForConsideration.SecurityManagerNoOFC2,Options for consideration
Security_Plans,SecurityManagerNoOFC3,SecurityManagerNoOFC3,checkbox,No,SecurityManager,Required if No=checked,securityPlans.SecurityManager.optionsForConsideration.SecurityManagerNoOFC3,Options for consideration
Security_Plans,SecurityPlan,SecurityPlan,radio,Yes,,Yes/No/NA,securityPlans.SecurityPlan.response,Primary question response
Security_Plans,SecurityPlanComp1,SecurityPlanComp1,checkbox,No,SecurityPlan,Required if Yes=checked,securityPlans.SecurityPlan.standards.SecurityPlanComp1,Standards met checkbox
Security_Plans,SecurityPlanComp2,SecurityPlanComp2,checkbox,No,SecurityPlan,Required if Yes=checked,securityPlans.SecurityPlan.standards.SecurityPlanComp2,Standards met checkbox
Security_Plans,SecurityPlanComp3,SecurityPlanComp3,checkbox,No,SecurityPlan,Required if Yes=checked,securityPlans.SecurityPlan.standards.SecurityPlanComp3,Standards met checkbox
Security_Plans,SecurityPlanComp4,SecurityPlanComp4,checkbox,No,SecurityPlan,Required if Yes=checked,securityPlans.SecurityPlan.standards.SecurityPlanComp4,Standards met checkbox
Security_Plans,SecurityPlanNoOFC1,SecurityPlanNoOFC1,checkbox,No,SecurityPlan,Required if No=checked,securityPlans.SecurityPlan.optionsForConsideration.SecurityPlanNoOFC1,Options for consideration
Security_Plans,SecurityPlanNoOFC2,SecurityPlanNoOFC2,checkbox,No,SecurityPlan,Required if No=checked,securityPlans.SecurityPlan.optionsForConsideration.SecurityPlanNoOFC2,Options for consideration
Security_Plans,SecurityPlanNoOFC3,SecurityPlanNoOFC3,checkbox,No,SecurityPlan,Required if No=checked,securityPlans.SecurityPlan.optionsForConsideration.SecurityPlanNoOFC3,Options for consideration
Security_Plans,PlanTraining,PlanTraining,radio,Yes,,Yes/No/NA,securityPlans.PlanTraining.response,Primary question response
Security_Plans,PlanTrainingComp1,PlanTrainingComp1,checkbox,No,PlanTraining,Required if Yes=checked,securityPlans.PlanTraining.standards.PlanTrainingComp1,Standards met checkbox
Security_Plans,PlanTrainingComp2,PlanTrainingComp2,checkbox,No,PlanTraining,Required if Yes=checked,securityPlans.PlanTraining.standards.PlanTrainingComp2,Standards met checkbox
Security_Plans,PlanTrainingComp3,PlanTrainingComp3,checkbox,No,PlanTraining,Required if Yes=checked,securityPlans.PlanTraining.standards.PlanTrainingComp3,Standards met checkbox
Security_Plans,PlanTrainingComp4,PlanTrainingComp4,checkbox,No,PlanTraining,Required if Yes=checked,securityPlans.PlanTraining.standards.PlanTrainingComp4,Standards met checkbox
Security_Plans,PlanTrainingNoOFC1,PlanTrainingNoOFC1,checkbox,No,PlanTraining,Required if No=checked,securityPlans.PlanTraining.optionsForConsideration.PlanTrainingNoOFC1,Options for consideration
Security_Plans,PlanTrainingNoOFC2,PlanTrainingNoOFC2,checkbox,No,PlanTraining,Required if No=checked,securityPlans.PlanTraining.optionsForConsideration.PlanTrainingNoOFC2,Options for consideration
Security_Plans,PlanTrainingNoOFC3,PlanTrainingNoOFC3,checkbox,No,PlanTraining,Required if No=checked,securityPlans.PlanTraining.optionsForConsideration.PlanTrainingNoOFC3,Options for consideration
Security_Plans,PlanTrainingNoOFC4,PlanTrainingNoOFC4,checkbox,No,PlanTraining,Required if No=checked,securityPlans.PlanTraining.optionsForConsideration.PlanTrainingNoOFC4,Options for consideration
Security_Plans,PlanCoordination,PlanCoordination,radio,Yes,,Yes/No/NA,securityPlans.PlanCoordination.response,Primary question response
Security_Plans,PlanCoordinationComp1,PlanCoordinationComp1,checkbox,No,PlanCoordination,Required if Yes=checked,securityPlans.PlanCoordination.standards.PlanCoordinationComp1,Standards met checkbox
Security_Plans,PlanCoordinationComp2,PlanCoordinationComp2,checkbox,No,PlanCoordination,Required if Yes=checked,securityPlans.PlanCoordination.standards.PlanCoordinationComp2,Standards met checkbox
Security_Plans,PlanCoordinationComp3,PlanCoordinationComp3,checkbox,No,PlanCoordination,Required if Yes=checked,securityPlans.PlanCoordination.standards.PlanCoordinationComp3,Standards met checkbox
Security_Plans,PlanCoordinationComp4,PlanCoordinationComp4,checkbox,No,PlanCoordination,Required if Yes=checked,securityPlans.PlanCoordination.standards.PlanCoordinationComp4,Standards met checkbox
Security_Plans,PlanCoordinationNoOFC1,PlanCoordinationNoOFC1,checkbox,No,PlanCoordination,Required if No=checked,securityPlans.PlanCoordination.optionsForConsideration.PlanCoordinationNoOFC1,Options for consideration
Security_Plans,PlanCoordinationNoOFC2,PlanCoordinationNoOFC2,checkbox,No,PlanCoordination,Required if No=checked,securityPlans.PlanCoordination.optionsForConsideration.PlanCoordinationNoOFC2,Options for consideration
Security_Plans,PlanCoordinationNoOFC3,PlanCoordinationNoOFC3,checkbox,No,PlanCoordination,Required if No=checked,securityPlans.PlanCoordination.optionsForConsideration.PlanCoordinationNoOFC3,Options for consideration
Security_Plans,PlanCoordinationNoOFC4,PlanCoordinationNoOFC4,checkbox,No,PlanCoordination,Required if No=checked,securityPlans.PlanCoordination.optionsForConsideration.PlanCoordinationNoOFC4,Options for consideration
Security_Plans,EmployeeTraining,EmployeeTraining,radio,Yes,,Yes/No/NA,securityPlans.EmployeeTraining.response,Primary question response
Security_Plans,EmployeeTrainingComp1,EmployeeTrainingComp1,checkbox,No,EmployeeTraining,Required if Yes=checked,securityPlans.EmployeeTraining.standards.EmployeeTrainingComp1,Standards met checkbox
Security_Plans,EmployeeTrainingComp2,EmployeeTrainingComp2,checkbox,No,EmployeeTraining,Required if Yes=checked,securityPlans.EmployeeTraining.standards.EmployeeTrainingComp2,Standards met checkbox
Security_Plans,EmployeeTrainingComp3,EmployeeTrainingComp3,checkbox,No,EmployeeTraining,Required if Yes=checked,securityPlans.EmployeeTraining.standards.EmployeeTrainingComp3,Standards met checkbox
Security_Plans,EmployeeTrainingComp4,EmployeeTrainingComp4,checkbox,No,EmployeeTraining,Required if Yes=checked,securityPlans.EmployeeTraining.standards.EmployeeTrainingComp4,Standards met checkbox
Security_Plans,EmployeeTrainingNoOFC1,EmployeeTrainingNoOFC1,checkbox,No,EmployeeTraining,Required if No=checked,securityPlans.EmployeeTraining.optionsForConsideration.EmployeeTrainingNoOFC1,Options for consideration
Security_Plans,EmployeeTrainingNoOFC2,EmployeeTrainingNoOFC2,checkbox,No,EmployeeTraining,Required if No=checked,securityPlans.EmployeeTraining.optionsForConsideration.EmployeeTrainingNoOFC2,Options for consideration
Security_Plans,EmployeeTrainingNoOFC3,EmployeeTrainingNoOFC3,checkbox,No,EmployeeTraining,Required if No=checked,securityPlans.EmployeeTraining.optionsForConsideration.EmployeeTrainingNoOFC3,Options for consideration
Security_Plans,EmployeeTrainingNoOFC4,EmployeeTrainingNoOFC4,checkbox,No,EmployeeTraining,Required if No=checked,securityPlans.EmployeeTraining.optionsForConsideration.EmployeeTrainingNoOFC4,Options for consideration
Security_Plans,PlanTesting,PlanTesting,radio,Yes,,Yes/No/NA,securityPlans.PlanTesting.response,Primary question response
Security_Plans,PlanTestingComp1,PlanTestingComp1,checkbox,No,PlanTesting,Required if Yes=checked,securityPlans.PlanTesting.standards.PlanTestingComp1,Standards met checkbox
Security_Plans,PlanTestingComp2,PlanTestingComp2,checkbox,No,PlanTesting,Required if Yes=checked,securityPlans.PlanTesting.standards.PlanTestingComp2,Standards met checkbox
Security_Plans,PlanTestingComp3,PlanTestingComp3,checkbox,No,PlanTesting,Required if Yes=checked,securityPlans.PlanTesting.standards.PlanTestingComp3,Standards met checkbox
Security_Plans,PlanTestingComp4,PlanTestingComp4,checkbox,No,PlanTesting,Required if Yes=checked,securityPlans.PlanTesting.standards.PlanTestingComp4,Standards met checkbox
Security_Plans,PlanTestingNoOFC1,PlanTestingNoOFC1,checkbox,No,PlanTesting,Required if No=checked,securityPlans.PlanTesting.optionsForConsideration.PlanTestingNoOFC1,Options for consideration
Security_Plans,PlanTestingNoOFC2,PlanTestingNoOFC2,checkbox,No,PlanTesting,Required if No=checked,securityPlans.PlanTesting.optionsForConsideration.PlanTestingNoOFC2,Options for consideration
Security_Plans,PlanTestingNoOFC3,PlanTestingNoOFC3,checkbox,No,PlanTesting,Required if No=checked,securityPlans.PlanTesting.optionsForConsideration.PlanTestingNoOFC3,Options for consideration
Security_Plans,PlanTestingNoOFC4,PlanTestingNoOFC4,checkbox,No,PlanTesting,Required if No=checked,securityPlans.PlanTesting.optionsForConsideration.PlanTestingNoOFC4,Options for consideration
Security_Plans,RiskAssessment,RiskAssessment,radio,Yes,,Yes/No/NA,securityPlans.RiskAssessment.response,Primary question response
Security_Plans,RiskAssessmentComp1,RiskAssessmentComp1,checkbox,No,RiskAssessment,Required if Yes=checked,securityPlans.RiskAssessment.standards.RiskAssessmentComp1,Standards met checkbox
Security_Plans,RiskAssessmentComp2,RiskAssessmentComp2,checkbox,No,RiskAssessment,Required if Yes=checked,securityPlans.RiskAssessment.standards.RiskAssessmentComp2,Standards met checkbox
Security_Plans,RiskAssessmentComp3,RiskAssessmentComp3,checkbox,No,RiskAssessment,Required if Yes=checked,securityPlans.RiskAssessment.standards.RiskAssessmentComp3,Standards met checkbox
Security_Plans,RiskAssessmentComp4,RiskAssessmentComp4,checkbox,No,RiskAssessment,Required if Yes=checked,securityPlans.RiskAssessment.standards.RiskAssessmentComp4,Standards met checkbox
Security_Plans,RiskAssessmentNoOFC1,RiskAssessmentNoOFC1,checkbox,No,RiskAssessment,Required if No=checked,securityPlans.RiskAssessment.optionsForConsideration.RiskAssessmentNoOFC1,Options for consideration
Security_Plans,RiskAssessmentNoOFC2,RiskAssessmentNoOFC2,checkbox,No,RiskAssessment,Required if No=checked,securityPlans.RiskAssessment.optionsForConsideration.RiskAssessmentNoOFC2,Options for consideration
Security_Plans,RiskAssessmentNoOFC3,RiskAssessmentNoOFC3,checkbox,No,RiskAssessment,Required if No=checked,securityPlans.RiskAssessment.optionsForConsideration.RiskAssessmentNoOFC3,Options for consideration
Security_Plans,RiskAssessmentNoOFC4,RiskAssessmentNoOFC4,checkbox,No,RiskAssessment,Required if No=checked,securityPlans.RiskAssessment.optionsForConsideration.RiskAssessmentNoOFC4,Options for consideration
Physical_Security,SecurityPersonnel,SecurityPersonnel,radio,Yes,,Yes/No/NA,physicalSecurity.SecurityPersonnel.response,Primary question response
Physical_Security,SecurityPersonnelComp1,SecurityPersonnelComp1,checkbox,No,SecurityPersonnel,Required if Yes=checked,physicalSecurity.SecurityPersonnel.standards.SecurityPersonnelComp1,Standards met checkbox
Physical_Security,SecurityPersonnelComp2,SecurityPersonnelComp2,checkbox,No,SecurityPersonnel,Required if Yes=checked,physicalSecurity.SecurityPersonnel.standards.SecurityPersonnelComp2,Standards met checkbox
Physical_Security,SecurityPersonnelComp3,SecurityPersonnelComp3,checkbox,No,SecurityPersonnel,Required if Yes=checked,physicalSecurity.SecurityPersonnel.standards.SecurityPersonnelComp3,Standards met checkbox
Physical_Security,SecurityPersonnelNoOFC1,SecurityPersonnelNoOFC1,checkbox,No,SecurityPersonnel,Required if No=checked,physicalSecurity.SecurityPersonnel.optionsForConsideration.SecurityPersonnelNoOFC1,Options for consideration
Physical_Security,SecurityPersonnelNoOFC2,SecurityPersonnelNoOFC2,checkbox,No,SecurityPersonnel,Required if No=checked,physicalSecurity.SecurityPersonnel.optionsForConsideration.SecurityPersonnelNoOFC2,Options for consideration
Physical_Security,SecurityPersonnelNoOFC3,SecurityPersonnelNoOFC3,checkbox,No,SecurityPersonnel,Required if No=checked,physicalSecurity.SecurityPersonnel.optionsForConsideration.SecurityPersonnelNoOFC3,Options for consideration
Physical_Security,PerimeterFencing,PerimeterFencing,radio,Yes,,Yes/No/NA,physicalSecurity.PerimeterFencing.response,Primary question response
Physical_Security,PerimeterFencingComp1,PerimeterFencingComp1,checkbox,No,PerimeterFencing,Required if Yes=checked,physicalSecurity.PerimeterFencing.standards.PerimeterFencingComp1,Standards met checkbox
Physical_Security,PerimeterFencingComp2,PerimeterFencingComp2,checkbox,No,PerimeterFencing,Required if Yes=checked,physicalSecurity.PerimeterFencing.standards.PerimeterFencingComp2,Standards met checkbox
Physical_Security,PerimeterFencingComp3,PerimeterFencingComp3,checkbox,No,PerimeterFencing,Required if Yes=checked,physicalSecurity.PerimeterFencing.standards.PerimeterFencingComp3,Standards met checkbox
Physical_Security,PerimeterFencingNoOFC1,PerimeterFencingNoOFC1,checkbox,No,PerimeterFencing,Required if No=checked,physicalSecurity.PerimeterFencing.optionsForConsideration.PerimeterFencingNoOFC1,Options for consideration
Physical_Security,PerimeterFencingNoOFC2,PerimeterFencingNoOFC2,checkbox,No,PerimeterFencing,Required if No=checked,physicalSecurity.PerimeterFencing.optionsForConsideration.PerimeterFencingNoOFC2,Options for consideration
Physical_Security,PerimeterFencingNoOFC3,PerimeterFencingNoOFC3,checkbox,No,PerimeterFencing,Required if No=checked,physicalSecurity.PerimeterFencing.optionsForConsideration.PerimeterFencingNoOFC3,Options for consideration
Physical_Security,AccessControl,AccessControl,radio,Yes,,Yes/No/NA,physicalSecurity.AccessControl.response,Primary question response
Physical_Security,AccessControlComp1,AccessControlComp1,checkbox,No,AccessControl,Required if Yes=checked,physicalSecurity.AccessControl.standards.AccessControlComp1,Standards met checkbox
Physical_Security,AccessControlComp2,AccessControlComp2,checkbox,No,AccessControl,Required if Yes=checked,physicalSecurity.AccessControl.standards.AccessControlComp2,Standards met checkbox
Physical_Security,AccessControlComp3,AccessControlComp3,checkbox,No,AccessControl,Required if Yes=checked,physicalSecurity.AccessControl.standards.AccessControlComp3,Standards met checkbox
Physical_Security,AccessControlNoOFC1,AccessControlNoOFC1,checkbox,No,AccessControl,Required if No=checked,physicalSecurity.AccessControl.optionsForConsideration.AccessControlNoOFC1,Options for consideration
Physical_Security,AccessControlNoOFC2,AccessControlNoOFC2,checkbox,No,AccessControl,Required if No=checked,physicalSecurity.AccessControl.optionsForConsideration.AccessControlNoOFC2,Options for consideration
Physical_Security,AccessControlNoOFC3,AccessControlNoOFC3,checkbox,No,AccessControl,Required if No=checked,physicalSecurity.AccessControl.optionsForConsideration.AccessControlNoOFC3,Options for consideration
Physical_Security,SecurityLighting,SecurityLighting,radio,Yes,,Yes/No/NA,physicalSecurity.SecurityLighting.response,Primary question response
Physical_Security,SecurityLightingComp1,SecurityLightingComp1,checkbox,No,SecurityLighting,Required if Yes=checked,physicalSecurity.SecurityLighting.standards.SecurityLightingComp1,Standards met checkbox
Physical_Security,SecurityLightingComp2,SecurityLightingComp2,checkbox,No,SecurityLighting,Required if Yes=checked,physicalSecurity.SecurityLighting.standards.SecurityLightingComp2,Standards met checkbox
Physical_Security,SecurityLightingComp3,SecurityLightingComp3,checkbox,No,SecurityLighting,Required if Yes=checked,physicalSecurity.SecurityLighting.standards.SecurityLightingComp3,Standards met checkbox
Physical_Security,SecurityLightingNoOFC1,SecurityLightingNoOFC1,checkbox,No,SecurityLighting,Required if No=checked,physicalSecurity.SecurityLighting.optionsForConsideration.SecurityLightingNoOFC1,Options for consideration
Physical_Security,SecurityLightingNoOFC2,SecurityLightingNoOFC2,checkbox,No,SecurityLighting,Required if No=checked,physicalSecurity.SecurityLighting.optionsForConsideration.SecurityLightingNoOFC2,Options for consideration
Physical_Security,SecurityLightingNoOFC3,SecurityLightingNoOFC3,checkbox,No,SecurityLighting,Required if No=checked,physicalSecurity.SecurityLighting.optionsForConsideration.SecurityLightingNoOFC3,Options for consideration
Physical_Security,StandoffDistance,StandoffDistance,radio,Yes,,Yes/No/NA,physicalSecurity.StandoffDistance.response,Primary question response
Physical_Security,StandoffDistanceComp1,StandoffDistanceComp1,checkbox,No,StandoffDistance,Required if Yes=checked,physicalSecurity.StandoffDistance.standards.StandoffDistanceComp1,Standards met checkbox
Physical_Security,StandoffDistanceComp2,StandoffDistanceComp2,checkbox,No,StandoffDistance,Required if Yes=checked,physicalSecurity.StandoffDistance.standards.StandoffDistanceComp2,Standards met checkbox
Physical_Security,StandoffDistanceComp3,StandoffDistanceComp3,checkbox,No,StandoffDistance,Required if Yes=checked,physicalSecurity.StandoffDistance.standards.StandoffDistanceComp3,Standards met checkbox
Physical_Security,StandoffDistanceNoOFC1,StandoffDistanceNoOFC1,checkbox,No,StandoffDistance,Required if No=checked,physicalSecurity.StandoffDistance.optionsForConsideration.StandoffDistanceNoOFC1,Options for consideration
Physical_Security,StandoffDistanceNoOFC2,StandoffDistanceNoOFC2,checkbox,No,StandoffDistance,Required if No=checked,physicalSecurity.StandoffDistance.optionsForConsideration.StandoffDistanceNoOFC2,Options for consideration
Physical_Security,StandoffDistanceNoOFC3,StandoffDistanceNoOFC3,checkbox,No,StandoffDistance,Required if No=checked,physicalSecurity.StandoffDistance.optionsForConsideration.StandoffDistanceNoOFC3,Options for consideration
Physical_Security,BuildingEnvelope,BuildingEnvelope,radio,Yes,,Yes/No/NA,physicalSecurity.BuildingEnvelope.response,Primary question response
Physical_Security,BuildingEnvelopeComp1,BuildingEnvelopeComp1,checkbox,No,BuildingEnvelope,Required if Yes=checked,physicalSecurity.BuildingEnvelope.standards.BuildingEnvelopeComp1,Standards met checkbox
Physical_Security,BuildingEnvelopeComp2,BuildingEnvelopeComp2,checkbox,No,BuildingEnvelope,Required if Yes=checked,physicalSecurity.BuildingEnvelope.standards.BuildingEnvelopeComp2,Standards met checkbox
Physical_Security,BuildingEnvelopeComp3,BuildingEnvelopeComp3,checkbox,No,BuildingEnvelope,Required if Yes=checked,physicalSecurity.BuildingEnvelope.standards.BuildingEnvelopeComp3,Standards met checkbox
Physical_Security,BuildingEnvelopeNoOFC1,BuildingEnvelopeNoOFC1,checkbox,No,BuildingEnvelope,Required if No=checked,physicalSecurity.BuildingEnvelope.optionsForConsideration.BuildingEnvelopeNoOFC1,Options for consideration
Physical_Security,BuildingEnvelopeNoOFC2,BuildingEnvelopeNoOFC2,checkbox,No,BuildingEnvelope,Required if No=checked,physicalSecurity.BuildingEnvelope.optionsForConsideration.BuildingEnvelopeNoOFC2,Options for consideration
Physical_Security,BuildingEnvelopeNoOFC3,BuildingEnvelopeNoOFC3,checkbox,No,BuildingEnvelope,Required if No=checked,physicalSecurity.BuildingEnvelope.optionsForConsideration.BuildingEnvelopeNoOFC3,Options for consideration
Physical_Security,KeyControl,KeyControl,radio,Yes,,Yes/No/NA,physicalSecurity.KeyControl.response,Primary question response
Physical_Security,KeyControlComp1,KeyControlComp1,checkbox,No,KeyControl,Required if Yes=checked,physicalSecurity.KeyControl.standards.KeyControlComp1,Standards met checkbox
Physical_Security,KeyControlComp2,KeyControlComp2,checkbox,No,KeyControl,Required if Yes=checked,physicalSecurity.KeyControl.standards.KeyControlComp2,Standards met checkbox
Physical_Security,KeyControlComp3,KeyControlComp3,checkbox,No,KeyControl,Required if Yes=checked,physicalSecurity.KeyControl.standards.KeyControlComp3,Standards met checkbox
Physical_Security,KeyControlNoOFC1,KeyControlNoOFC1,checkbox,No,KeyControl,Required if No=checked,physicalSecurity.KeyControl.optionsForConsideration.KeyControlNoOFC1,Options for consideration
Physical_Security,KeyControlNoOFC2,KeyControlNoOFC2,checkbox,No,KeyControl,Required if No=checked,physicalSecurity.KeyControl.optionsForConsideration.KeyControlNoOFC2,Options for consideration
Physical_Security,KeyControlNoOFC3,KeyControlNoOFC3,checkbox,No,KeyControl,Required if No=checked,physicalSecurity.KeyControl.optionsForConsideration.KeyControlNoOFC3,Options for consideration
Security_Systems,VideoSurveillance,VideoSurveillance,radio,Yes,,Yes/No/NA,securitySystems.VideoSurveillance.response,Primary question response
Security_Systems,VideoSurveillanceComp1,VideoSurveillanceComp1,checkbox,No,VideoSurveillance,Required if Yes=checked,securitySystems.VideoSurveillance.standards.VideoSurveillanceComp1,Standards met checkbox
Security_Systems,VideoSurveillanceComp2,VideoSurveillanceComp2,checkbox,No,VideoSurveillance,Required if Yes=checked,securitySystems.VideoSurveillance.standards.VideoSurveillanceComp2,Standards met checkbox
Security_Systems,VideoSurveillanceComp3,VideoSurveillanceComp3,checkbox,No,VideoSurveillance,Required if Yes=checked,securitySystems.VideoSurveillance.standards.VideoSurveillanceComp3,Standards met checkbox
Security_Systems,VideoSurveillanceNoOFC1,VideoSurveillanceNoOFC1,checkbox,No,VideoSurveillance,Required if No=checked,securitySystems.VideoSurveillance.optionsForConsideration.VideoSurveillanceNoOFC1,Options for consideration
Security_Systems,VideoSurveillanceNoOFC2,VideoSurveillanceNoOFC2,checkbox,No,VideoSurveillance,Required if No=checked,securitySystems.VideoSurveillance.optionsForConsideration.VideoSurveillanceNoOFC2,Options for consideration
Security_Systems,VideoSurveillanceNoOFC3,VideoSurveillanceNoOFC3,checkbox,No,VideoSurveillance,Required if No=checked,securitySystems.VideoSurveillance.optionsForConsideration.VideoSurveillanceNoOFC3,Options for consideration
Security_Systems,VideoCoverage,VideoCoverage,radio,Yes,,Yes/No/NA,securitySystems.VideoCoverage.response,Primary question response
Security_Systems,VideoCoverageComp1,VideoCoverageComp1,checkbox,No,VideoCoverage,Required if Yes=checked,securitySystems.VideoCoverage.standards.VideoCoverageComp1,Standards met checkbox
Security_Systems,VideoCoverageComp2,VideoCoverageComp2,checkbox,No,VideoCoverage,Required if Yes=checked,securitySystems.VideoCoverage.standards.VideoCoverageComp2,Standards met checkbox
Security_Systems,VideoCoverageComp3,VideoCoverageComp3,checkbox,No,VideoCoverage,Required if Yes=checked,securitySystems.VideoCoverage.standards.VideoCoverageComp3,Standards met checkbox
Security_Systems,VideoCoverageNoOFC1,VideoCoverageNoOFC1,checkbox,No,VideoCoverage,Required if No=checked,securitySystems.VideoCoverage.optionsForConsideration.VideoCoverageNoOFC1,Options for consideration
Security_Systems,VideoCoverageNoOFC2,VideoCoverageNoOFC2,checkbox,No,VideoCoverage,Required if No=checked,securitySystems.VideoCoverage.optionsForConsideration.VideoCoverageNoOFC2,Options for consideration
Security_Systems,VideoCoverageNoOFC3,VideoCoverageNoOFC3,checkbox,No,VideoCoverage,Required if No=checked,securitySystems.VideoCoverage.optionsForConsideration.VideoCoverageNoOFC3,Options for consideration
Security_Systems,VideoMonitoring,VideoMonitoring,radio,Yes,,Yes/No/NA,securitySystems.VideoMonitoring.response,Primary question response
Security_Systems,VideoMonitoringComp1,VideoMonitoringComp1,checkbox,No,VideoMonitoring,Required if Yes=checked,securitySystems.VideoMonitoring.standards.VideoMonitoringComp1,Standards met checkbox
Security_Systems,VideoMonitoringComp2,VideoMonitoringComp2,checkbox,No,VideoMonitoring,Required if Yes=checked,securitySystems.VideoMonitoring.standards.VideoMonitoringComp2,Standards met checkbox
Security_Systems,VideoMonitoringComp3,VideoMonitoringComp3,checkbox,No,VideoMonitoring,Required if Yes=checked,securitySystems.VideoMonitoring.standards.VideoMonitoringComp3,Standards met checkbox
Security_Systems,VideoMonitoringNoOFC1,VideoMonitoringNoOFC1,checkbox,No,VideoMonitoring,Required if No=checked,securitySystems.VideoMonitoring.optionsForConsideration.VideoMonitoringNoOFC1,Options for consideration
Security_Systems,VideoMonitoringNoOFC2,VideoMonitoringNoOFC2,checkbox,No,VideoMonitoring,Required if No=checked,securitySystems.VideoMonitoring.optionsForConsideration.VideoMonitoringNoOFC2,Options for consideration
Security_Systems,VideoMonitoringNoOFC3,VideoMonitoringNoOFC3,checkbox,No,VideoMonitoring,Required if No=checked,securitySystems.VideoMonitoring.optionsForConsideration.VideoMonitoringNoOFC3,Options for consideration
Security_Systems,VideoRecording,VideoRecording,radio,Yes,,Yes/No/NA,securitySystems.VideoRecording.response,Primary question response
Security_Systems,VideoRecordingComp1,VideoRecordingComp1,checkbox,No,VideoRecording,Required if Yes=checked,securitySystems.VideoRecording.standards.VideoRecordingComp1,Standards met checkbox
Security_Systems,VideoRecordingComp2,VideoRecordingComp2,checkbox,No,VideoRecording,Required if Yes=checked,securitySystems.VideoRecording.standards.VideoRecordingComp2,Standards met checkbox
Security_Systems,VideoRecordingComp3,VideoRecordingComp3,checkbox,No,VideoRecording,Required if Yes=checked,securitySystems.VideoRecording.standards.VideoRecordingComp3,Standards met checkbox
Security_Systems,VideoRecordingNoOFC1,VideoRecordingNoOFC1,checkbox,No,VideoRecording,Required if No=checked,securitySystems.VideoRecording.optionsForConsideration.VideoRecordingNoOFC1,Options for consideration
Security_Systems,VideoRecordingNoOFC2,VideoRecordingNoOFC2,checkbox,No,VideoRecording,Required if No=checked,securitySystems.VideoRecording.optionsForConsideration.VideoRecordingNoOFC2,Options for consideration
Security_Systems,VideoRecordingNoOFC3,VideoRecordingNoOFC3,checkbox,No,VideoRecording,Required if No=checked,securitySystems.VideoRecording.optionsForConsideration.VideoRecordingNoOFC3,Options for consideration
Security_Systems,IntrusionDetection,IntrusionDetection,radio,Yes,,Yes/No/NA,securitySystems.IntrusionDetection.response,Primary question response
Security_Systems,IntrusionDetectionComp1,IntrusionDetectionComp1,checkbox,No,IntrusionDetection,Required if Yes=checked,securitySystems.IntrusionDetection.standards.IntrusionDetectionComp1,Standards met checkbox
Security_Systems,IntrusionDetectionComp2,IntrusionDetectionComp2,checkbox,No,IntrusionDetection,Required if Yes=checked,securitySystems.IntrusionDetection.standards.IntrusionDetectionComp2,Standards met checkbox
Security_Systems,IntrusionDetectionComp3,IntrusionDetectionComp3,checkbox,No,IntrusionDetection,Required if Yes=checked,securitySystems.IntrusionDetection.standards.IntrusionDetectionComp3,Standards met checkbox
Security_Systems,IntrusionDetectionNoOFC1,IntrusionDetectionNoOFC1,checkbox,No,IntrusionDetection,Required if No=checked,securitySystems.IntrusionDetection.optionsForConsideration.IntrusionDetectionNoOFC1,Options for consideration
Security_Systems,IntrusionDetectionNoOFC2,IntrusionDetectionNoOFC2,checkbox,No,IntrusionDetection,Required if No=checked,securitySystems.IntrusionDetection.optionsForConsideration.IntrusionDetectionNoOFC2,Options for consideration
Security_Systems,IntrusionDetectionNoOFC3,IntrusionDetectionNoOFC3,checkbox,No,IntrusionDetection,Required if No=checked,securitySystems.IntrusionDetection.optionsForConsideration.IntrusionDetectionNoOFC3,Options for consideration
Security_Systems,AlarmMonitoring,AlarmMonitoring,radio,Yes,,Yes/No/NA,securitySystems.AlarmMonitoring.response,Primary question response
Security_Systems,AlarmMonitoringComp1,AlarmMonitoringComp1,checkbox,No,AlarmMonitoring,Required if Yes=checked,securitySystems.AlarmMonitoring.standards.AlarmMonitoringComp1,Standards met checkbox
Security_Systems,AlarmMonitoringComp2,AlarmMonitoringComp2,checkbox,No,AlarmMonitoring,Required if Yes=checked,securitySystems.AlarmMonitoring.standards.AlarmMonitoringComp2,Standards met checkbox
Security_Systems,AlarmMonitoringComp3,AlarmMonitoringComp3,checkbox,No,AlarmMonitoring,Required if Yes=checked,securitySystems.AlarmMonitoring.standards.AlarmMonitoringComp3,Standards met checkbox
Security_Systems,AlarmMonitoringNoOFC1,AlarmMonitoringNoOFC1,checkbox,No,AlarmMonitoring,Required if No=checked,securitySystems.AlarmMonitoring.optionsForConsideration.AlarmMonitoringNoOFC1,Options for consideration
Security_Systems,AlarmMonitoringNoOFC2,AlarmMonitoringNoOFC2,checkbox,No,AlarmMonitoring,Required if No=checked,securitySystems.AlarmMonitoring.optionsForConsideration.AlarmMonitoringNoOFC2,Options for consideration
Security_Systems,AlarmMonitoringNoOFC3,AlarmMonitoringNoOFC3,checkbox,No,AlarmMonitoring,Required if No=checked,securitySystems.AlarmMonitoring.optionsForConsideration.AlarmMonitoringNoOFC3,Options for consideration
Security_Systems,SystemIntegration,SystemIntegration,radio,Yes,,Yes/No/NA,securitySystems.SystemIntegration.response,Primary question response
Security_Systems,SystemIntegrationComp1,SystemIntegrationComp1,checkbox,No,SystemIntegration,Required if Yes=checked,securitySystems.SystemIntegration.standards.SystemIntegrationComp1,Standards met checkbox
Security_Systems,SystemIntegrationComp2,SystemIntegrationComp2,checkbox,No,SystemIntegration,Required if Yes=checked,securitySystems.SystemIntegration.standards.SystemIntegrationComp2,Standards met checkbox
Security_Systems,SystemIntegrationComp3,SystemIntegrationComp3,checkbox,No,SystemIntegration,Required if Yes=checked,securitySystems.SystemIntegration.standards.SystemIntegrationComp3,Standards met checkbox
Security_Systems,SystemIntegrationNoOFC1,SystemIntegrationNoOFC1,checkbox,No,SystemIntegration,Required if No=checked,securitySystems.SystemIntegration.optionsForConsideration.SystemIntegrationNoOFC1,Options for consideration
Security_Systems,SystemIntegrationNoOFC2,SystemIntegrationNoOFC2,checkbox,No,SystemIntegration,Required if No=checked,securitySystems.SystemIntegration.optionsForConsideration.SystemIntegrationNoOFC2,Options for consideration
Security_Systems,SystemIntegrationNoOFC3,SystemIntegrationNoOFC3,checkbox,No,SystemIntegration,Required if No=checked,securitySystems.SystemIntegration.optionsForConsideration.SystemIntegrationNoOFC3,Options for consideration
Custom_VOFC,customCategory1,customCategory1,select,No,,All 3 fields required,customVOFCs[0].category,Custom vulnerability category
Custom_VOFC,customVulnerability1,customVulnerability1,textarea,No,,All 3 fields required,customVOFCs[0].vulnerability,Custom vulnerability description
Custom_VOFC,customOFC1,customOFC1,textarea,No,,All 3 fields required,customVOFCs[0].optionsForConsideration,Custom options for consideration
Custom_VOFC,customCommendable1,customCommendable1,checkbox,No,,,customVOFCs[0].isCommendable,Mark as commendable practice
Custom_VOFC,customCategory2,customCategory2,select,No,,All 3 fields required,customVOFCs[1].category,Custom vulnerability category
Custom_VOFC,customVulnerability2,customVulnerability2,textarea,No,,All 3 fields required,customVOFCs[1].vulnerability,Custom vulnerability description
Custom_VOFC,customOFC2,customOFC2,textarea,No,,All 3 fields required,customVOFCs[1].optionsForConsideration,Custom options for consideration
Custom_VOFC,customCommendable2,customCommendable2,checkbox,No,,,customVOFCs[1].isCommendable,Mark as commendable practice
Custom_VOFC,customCategory3,customCategory3,select,No,,All 3 fields required,customVOFCs[2].category,Custom vulnerability category
Custom_VOFC,customVulnerability3,customVulnerability3,textarea,No,,All 3 fields required,customVOFCs[2].vulnerability,Custom vulnerability description
Custom_VOFC,customOFC3,customOFC3,textarea,No,,All 3 fields required,customVOFCs[2].optionsForConsideration,Custom options for consideration
Custom_VOFC,customCommendable3,customCommendable3,checkbox,No,,,customVOFCs[2].isCommendable,Mark as commendable practice
Commendable_Practices,commendableCategory1,commendableCategory1,select,No,,All 3 fields required,commendablePractices[0].category,Commendable practice category
Commendable_Practices,commendableAction1,commendableAction1,textarea,No,,All 3 fields required,commendablePractices[0].action,Commendable action description
Commendable_Practices,commendableImpact1,commendableImpact1,textarea,No,,All 3 fields required,commendablePractices[0].impact,Business impact description
Commendable_Practices,commendableCategory2,commendableCategory2,select,No,,All 3 fields required,commendablePractices[1].category,Commendable practice category
Commendable_Practices,commendableAction2,commendableAction2,textarea,No,,All 3 fields required,commendablePractices[1].action,Commendable action description
Commendable_Practices,commendableImpact2,commendableImpact2,textarea,No,,All 3 fields required,commendablePractices[1].impact,Business impact description
Commendable_Practices,commendableCategory3,commendableCategory3,select,No,,All 3 fields required,commendablePractices[2].category,Commendable practice category
Commendable_Practices,commendableAction3,commendableAction3,textarea,No,,All 3 fields required,commendablePractices[2].action,Commendable action description
Commendable_Practices,commendableImpact3,commendableImpact3,textarea,No,,All 3 fields required,commendablePractices[2].impact,Business impact description
Points_of_Contact,primaryContactName,primaryContactName,text,No,,,pointsOfContact.primary.name,Primary contact name
Points_of_Contact,primaryContactTitle,primaryContactTitle,text,No,,,pointsOfContact.primary.title,Primary contact title
Points_of_Contact,primaryContactPhone,primaryContactPhone,text,No,,,pointsOfContact.primary.phone,Primary contact phone
Points_of_Contact,primaryContactEmail,primaryContactEmail,email,No,,,pointsOfContact.primary.email,Primary contact email
Points_of_Contact,secondaryContactName,secondaryContactName,text,No,,,pointsOfContact.secondary.name,Secondary contact name
Points_of_Contact,secondaryContactTitle,secondaryContactTitle,text,No,,,pointsOfContact.secondary.title,Secondary contact title
Points_of_Contact,secondaryContactPhone,secondaryContactPhone,text,No,,,pointsOfContact.secondary.phone,Secondary contact phone
Points_of_Contact,secondaryContactEmail,secondaryContactEmail,email,No,,,pointsOfContact.secondary.email,Secondary contact email
